Your Question,Selected Agent,Agent Response,timestamp
Analyse smart contract secuity risk in DeFi protocols,Blockchain Analyst,"Analyzing smart contract security risks in DeFi protocols involves a systematic approach to identifying vulnerabilities that could compromise funds or the integrity of the system. Key areas of focus include:

### 1. **Code Vulnerabilities**
   - **Reentrancy Attacks:** Contracts allowing external calls without adequate state updates are susceptible to recursive exploits (e.g., the infamous DAO hack).
   - **Integer Overflow/Underflow:** Incorrect handling of arithmetic operations can lead to unintended results.
   - **Unchecked External Calls:** Poor error handling when calling external contracts may cause unexpected behavior.
   - **Logic Flaws:** Mistakes in business logic, such as flawed liquidation mechanics or interest rate calculations, can be exploited.

### 2. **Access Controls and Permissions**
   - Verify the implementation of `owner` or admin roles to ensure no unauthorized access to privileged functions.
   - Ascertain there are no ""backdoors"" or hard-coded addresses that can bypass standard processes.

### 3. **Oracles and External Data Dependency**
   - **Oracle Manipulation:** If the protocol relies on price feeds, ensure they use decentralized, robust, and tamper-resistant oracles to mitigate manipulation risks (e.g., flash loan price attacks).
   - Check mechanisms to respond to delayed, stale, or incorrect data from data providers.

### 4. **Overuse of External Dependencies**
   - Contracts that heavily rely on third-party libraries or other smart contracts could inherit vulnerabilities if the dependencies are not audited.
   - **Upgradeability Risks:** If the protocol implements upgradeable contracts (e.g., using the proxy pattern), ensure that the upgrade mechanism is secure and cannot introduce malicious upgrades.

### 5. **Economic and Incentive Attacks**
   - **Flash Loan Exploits:** Assess whether the system can be gamed through one-block flash loans to manipulate collateral, governance, or prices.
   - **Sybil Attacks:** Identify whether governance mechanisms are resistant to attackers with fake identities or concentrated voting power.

### 6. **Testing and Auditing**
   - Evaluate whether the protocol has undergone extensive third-party audits by reputable firms.
   - Check if robust testing frameworks (e.g., unit tests, fuzzing, simulations) are in place and whether the protocol is stress-tested for edge cases.

### 7. **Immutable Contracts**
   - If contracts are non-upgradable or immutable, vulnerabilities become permanent. Thus, confirm that the code is airtight prior to deployment.

### 8. **Operational Risks**
   - Explore the risk of MEV (Miner Extractable Value) exploits, such as front-running or sandwich attacks, especially in DEXs.
   - Examine multichain bridges for risks like double-spending and lack of consensus safety.

### 9. **Transparency and Open Source**
   - Lack of code transparency can obscure vulnerabilities, making external security reviews impossible. Open-source code fosters community scrutiny.
   - Ensure that product documentation includes clear security measures and limitations for maximum user awareness.

### Best Practices in Mitigation:
- Regular security audits by multiple independent firms.
- Bug bounty programs to incentivize white-hat hackers.
- Time-delayed administrative functions or timelocks for critical changes.
- Integration with decentralized insurance to hedge risks.
- Adoption of formal verification techniques to mathematically prove correctness.

In DeFi, where billions of dollars are locked in contracts, a proactive approach to security is essential. Failure to address these risks not only threatens funds but erodes trust in the ecosystem.",2025-07-02 23:25:34.526857
What are the current fintech trends in payment systems?,Fintech Navigator,"The current fintech trends in payment systems reflect rapid innovation driven by customer expectations for speed, convenience, and security. Key trends include:

1. **Real-Time Payments**: Instant payment systems, such as Unified Payments Interface (UPI) in India and FedNow in the U.S., are transforming person-to-person (P2P) and business-to-consumer (B2C) transactions, facilitating immediate funds transfer.

2. **Embedded Payments**: Payments are increasingly integrated seamlessly into platforms (e.g., ride-hailing apps, marketplaces) to create a frictionless user experience without redirecting users to third-party gateways.

3. **Buy Now, Pay Later (BNPL)**: BNPL services continue to grow, offering consumers flexible short-term financing options at the point of sale, particularly in e-commerce.

4. **Digital Wallets and Super Apps**: Wallets like Apple Pay, Google Pay, Alipay, and WeChat Pay are centralizing financial activities, with some evolving into super apps offering payments, lending, and investments under one ecosystem.

5. **Cross-Border Payment Solutions**: Blockchain-based platforms (e.g., Ripple) and stablecoins (e.g., USDC) are improving the speed, cost-efficiency, and transparency of cross-border payments.

6. **Contactless Payments**: Adoption of NFC-enabled payments via cards and mobile wallets is spiking, driven by the pandemicâ€™s push for hygienic and touchless transactions.

7. **Open Banking & API Payments**: Open banking frameworks are enabling direct account-to-account payments while fostering innovation in customized payment solutions via APIs.

8. **Decentralized Finance (DeFi)**: Payment applications in DeFi are emerging, allowing peer-to-peer (P2P) and cross-border payments without traditional intermediaries.

9. **AI and Machine Learning in Fraud Prevention**: Payment providers are leveraging AI to detect and prevent fraud in real time, ensuring secure transactions while minimizing false positives.

10. **Sustainability in Payments**: Consumer and institutional demand for eco-friendly practices has spurred interest in green payment cards (made from recycled materials) and carbon offset solutions tied to transaction activities.

These trends are reshaping the global payments ecosystem, enhancing efficiency, accessibility, and personalization while addressing regulatory and security considerations.",2025-07-02 23:29:12.790017
